finding_id,provider,resource_id,region,control_domain,framework,severity,compliance_status,owner,age_days,remediation_status,mfa_enabled,public_exposure,encryption_enabled,severity_rank,is_noncompliant,is_high_risk,is_open_risk,risk_score
FND-0001,AWS,AWS-RES-0001,eu-west-2,Identity & Access,ISO 27001,Medium,Exception,Cloud Ops,46,In Progress,0.0,,,2,0,0,1,2.51
FND-0002,Azure,Azure-RES-0002,West Europe,Logging & Monitoring,CIS,Low,Compliant,Security,183,Not Required,,,,1,0,0,0,3.03
FND-0003,AWS,AWS-RES-0003,us-east-1,Network Security,CIS,Medium,Compliant,Cloud Ops,262,Not Required,,0.0,,2,0,0,0,4.91
FND-0004,AWS,AWS-RES-0004,eu-west-2,Network Security,CIS,Medium,Non-Compliant,Cloud Ops,25,Open,,0.0,,2,1,0,1,4.28
FND-0005,AWS,AWS-RES-0005,us-east-1,Network Security,NIST,Critical,Non-Compliant,Security,24,Open,,0.0,,4,1,1,1,8.27
FND-0006,AWS,AWS-RES-0006,eu-west-1,Configuration,NIST,High,Compliant,Platform,249,Not Required,,,,3,0,1,0,5.77
FND-0007,Azure,Azure-RES-0007,West Europe,Logging & Monitoring,CIS,Medium,Compliant,Security,169,Not Required,,,,2,0,0,0,3.88
FND-0008,Azure,Azure-RES-0008,West Europe,Logging & Monitoring,ISO 27001,Medium,Compliant,Cloud Ops,246,Not Required,,,,2,0,0,0,4.73
FND-0009,Azure,Azure-RES-0009,East US,Logging & Monitoring,CIS,Low,Compliant,Security,355,Not Required,,,,1,0,0,0,4.0
FND-0010,Azure,Azure-RES-0010,East US,Configuration,CIS,Low,Compliant,Platform,338,Not Required,,,,1,0,0,0,4.0
FND-0011,AWS,AWS-RES-0011,eu-west-1,Network Security,ISO 27001,High,Non-Compliant,Platform,275,Remediated,,0.0,,3,1,1,0,9.0
FND-0012,Azure,Azure-RES-0012,East US,Identity & Access,NIST,Medium,Compliant,IAM,192,Not Required,1.0,,,2,0,0,0,4.13
FND-0013,Azure,Azure-RES-0013,UK South,Identity & Access,CIS,Low,Compliant,Cloud Ops,153,Not Required,1.0,,,1,0,0,0,2.7
FND-0014,AWS,AWS-RES-0014,eu-west-2,Logging & Monitoring,ISO 27001,High,Compliant,Network,353,Not Required,,,,3,0,1,0,6.0
FND-0015,AWS,AWS-RES-0015,eu-west-1,Backup & Recovery,CIS,High,Non-Compliant,Cloud Ops,133,Accepted Risk,,,,3,1,1,0,7.48
FND-0016,AWS,AWS-RES-0016,eu-west-1,Data Protection,CIS,High,Compliant,IAM,282,Not Required,,,1.0,3,0,1,0,6.0
FND-0017,AWS,AWS-RES-0017,eu-west-1,Data Protection,NIST,Critical,Exception,Network,23,Remediated,,,1.0,4,0,1,0,4.26
FND-0018,Azure,Azure-RES-0018,West Europe,Logging & Monitoring,CIS,Medium,Non-Compliant,Cloud Ops,292,Open,,,,2,1,0,1,7.0
FND-0019,AWS,AWS-RES-0019,eu-west-1,Data Protection,ISO 27001,High,Compliant,Security,118,Not Required,,,1.0,3,0,1,0,4.31
FND-0020,Azure,Azure-RES-0020,UK South,Configuration,CIS,High,Compliant,Platform,79,Not Required,,,,3,0,1,0,3.88
FND-0021,AWS,AWS-RES-0021,us-east-1,Identity & Access,ISO 27001,Low,Compliant,IAM,220,Not Required,0.0,,,1,0,0,0,3.44
FND-0022,Azure,Azure-RES-0022,West Europe,Configuration,CIS,Medium,Compliant,Cloud Ops,109,Not Required,,,,2,0,0,0,3.21
FND-0023,Azure,Azure-RES-0023,UK South,Configuration,CIS,High,Compliant,Network,138,Not Required,,,,3,0,1,0,4.53
FND-0024,Azure,Azure-RES-0024,UK South,Identity & Access,ISO 27001,Critical,Compliant,Security,326,Not Required,1.0,,,4,0,1,0,7.0
FND-0025,Azure,Azure-RES-0025,UK South,Data Protection,ISO 27001,Low,Compliant,Security,264,Not Required,,,1.0,1,0,0,0,3.93
FND-0026,Azure,Azure-RES-0026,East US,Identity & Access,ISO 27001,Medium,Compliant,Platform,289,Not Required,1.0,,,2,0,0,0,5.0
FND-0027,AWS,AWS-RES-0027,us-east-1,Identity & Access,ISO 27001,Critical,Exception,Network,75,In Progress,0.0,,,4,0,1,1,4.83
FND-0028,Azure,Azure-RES-0028,UK South,Data Protection,CIS,Low,Compliant,IAM,22,Not Required,,,1.0,1,0,0,0,1.24
FND-0029,AWS,AWS-RES-0029,eu-west-2,Identity & Access,CIS,Medium,Non-Compliant,Cloud Ops,47,Accepted Risk,1.0,,,2,1,0,0,4.52
FND-0030,Azure,Azure-RES-0030,East US,Data Protection,CIS,Medium,Exception,Security,361,Accepted Risk,,,0.0,2,0,0,0,5.0
FND-0031,AWS,AWS-RES-0031,eu-west-2,Logging & Monitoring,ISO 27001,Critical,Compliant,Cloud Ops,102,Not Required,,,,4,0,1,0,5.13
FND-0032,Azure,Azure-RES-0032,UK South,Identity & Access,ISO 27001,Low,Compliant,Security,275,Not Required,1.0,,,1,0,0,0,4.0
FND-0033,Azure,Azure-RES-0033,UK South,Identity & Access,NIST,Medium,Compliant,IAM,18,Not Required,1.0,,,2,0,0,0,2.2
FND-0034,Azure,Azure-RES-0034,UK South,Network Security,ISO 27001,Critical,Compliant,Security,62,Not Required,,0.0,,4,0,1,0,4.69
FND-0035,AWS,AWS-RES-0035,us-east-1,Logging & Monitoring,NIST,Medium,Compliant,Network,345,Not Required,,,,2,0,0,0,5.0
FND-0036,AWS,AWS-RES-0036,eu-west-2,Logging & Monitoring,CIS,Critical,Non-Compliant,Cloud Ops,304,In Progress,,,,4,1,1,1,11.0
FND-0037,Azure,Azure-RES-0037,UK South,Backup & Recovery,CIS,Medium,Non-Compliant,Platform,170,Remediated,,,,2,1,0,0,5.89
FND-0038,AWS,AWS-RES-0038,eu-west-1,Identity & Access,CIS,Low,Compliant,Cloud Ops,102,Not Required,1.0,,,1,0,0,0,2.13
FND-0039,Azure,Azure-RES-0039,UK South,Identity & Access,ISO 27001,Medium,Compliant,IAM,270,Not Required,1.0,,,2,0,0,0,5.0
FND-0040,Azure,Azure-RES-0040,West Europe,Backup & Recovery,ISO 27001,Medium,Non-Compliant,Platform,196,Open,,,,2,1,0,1,6.18
FND-0041,AWS,AWS-RES-0041,eu-west-2,Network Security,ISO 27001,Medium,Compliant,Network,257,Not Required,,0.0,,2,0,0,0,4.86
FND-0042,AWS,AWS-RES-0042,eu-west-2,Logging & Monitoring,NIST,Medium,Compliant,IAM,20,Not Required,,,,2,0,0,0,2.22
FND-0043,AWS,AWS-RES-0043,us-east-1,Logging & Monitoring,CIS,Medium,Compliant,Cloud Ops,270,Not Required,,,,2,0,0,0,5.0
FND-0044,Azure,Azure-RES-0044,West Europe,Data Protection,CIS,High,Compliant,Cloud Ops,249,Not Required,,,1.0,3,0,1,0,5.77
FND-0045,Azure,Azure-RES-0045,West Europe,Backup & Recovery,ISO 27001,Medium,Compliant,Cloud Ops,229,Not Required,,,,2,0,0,0,4.54
FND-0046,AWS,AWS-RES-0046,eu-west-1,Data Protection,CIS,Critical,Compliant,Security,45,Not Required,,,1.0,4,0,1,0,4.5
FND-0047,AWS,AWS-RES-0047,us-east-1,Data Protection,NIST,Low,Compliant,Platform,282,Not Required,,,1.0,1,0,0,0,4.0
FND-0048,Azure,Azure-RES-0048,UK South,Network Security,NIST,High,Compliant,Security,34,Not Required,,0.0,,3,0,1,0,3.38
FND-0049,AWS,AWS-RES-0049,eu-west-1,Configuration,CIS,High,Compliant,IAM,290,Not Required,,,,3,0,1,0,6.0
FND-0050,Azure,Azure-RES-0050,UK South,Data Protection,ISO 27001,Low,Non-Compliant,Security,254,Open,,,1.0,1,1,0,1,4.82
FND-0051,AWS,AWS-RES-0051,us-east-1,Configuration,CIS,Medium,Compliant,Security,213,Not Required,,,,2,0,0,0,4.37
FND-0052,Azure,Azure-RES-0052,West Europe,Identity & Access,NIST,High,Compliant,Network,142,Not Required,1.0,,,3,0,1,0,4.58
FND-0053,Azure,Azure-RES-0053,East US,Data Protection,NIST,Medium,Compliant,Network,49,Not Required,,,1.0,2,0,0,0,2.54
FND-0054,Azure,Azure-RES-0054,UK South,Identity & Access,ISO 27001,High,Exception,Security,184,Open,1.0,,,3,0,1,1,5.04
FND-0055,Azure,Azure-RES-0055,UK South,Identity & Access,ISO 27001,Medium,Non-Compliant,IAM,257,Accepted Risk,1.0,,,2,1,0,0,6.86
FND-0056,Azure,Azure-RES-0056,West Europe,Data Protection,CIS,High,Compliant,Cloud Ops,125,Not Required,,,1.0,3,0,1,0,4.39
FND-0057,Azure,Azure-RES-0057,UK South,Logging & Monitoring,ISO 27001,Low,Exception,Cloud Ops,57,Remediated,,,,1,0,0,0,1.63
FND-0058,Azure,Azure-RES-0058,West Europe,Identity & Access,CIS,Medium,Compliant,IAM,272,Not Required,1.0,,,2,0,0,0,5.0
FND-0059,AWS,AWS-RES-0059,us-east-1,Configuration,ISO 27001,Medium,Compliant,Cloud Ops,97,Not Required,,,,2,0,0,0,3.08
FND-0060,AWS,AWS-RES-0060,eu-west-2,Identity & Access,CIS,High,Exception,Cloud Ops,254,In Progress,1.0,,,3,0,1,1,5.82
FND-0061,Azure,Azure-RES-0061,UK South,Identity & Access,ISO 27001,Medium,Non-Compliant,Network,71,Open,1.0,,,2,1,0,1,4.79
FND-0062,AWS,AWS-RES-0062,eu-west-2,Identity & Access,NIST,High,Compliant,Platform,250,Not Required,0.0,,,3,0,1,0,5.78
FND-0063,Azure,Azure-RES-0063,East US,Network Security,CIS,Medium,Compliant,Cloud Ops,268,Not Required,,0.0,,2,0,0,0,4.98
FND-0064,Azure,Azure-RES-0064,East US,Identity & Access,ISO 27001,Medium,Compliant,Network,306,Not Required,1.0,,,2,0,0,0,5.0
FND-0065,Azure,Azure-RES-0065,UK South,Configuration,CIS,High,Compliant,Platform,259,Not Required,,,,3,0,1,0,5.88
FND-0066,Azure,Azure-RES-0066,East US,Logging & Monitoring,ISO 27001,Low,Compliant,Network,239,Not Required,,,,1,0,0,0,3.66
FND-0067,Azure,Azure-RES-0067,West Europe,Data Protection,CIS,Medium,Compliant,Network,60,Not Required,,,1.0,2,0,0,0,2.67
FND-0068,AWS,AWS-RES-0068,eu-west-1,Network Security,NIST,Critical,Compliant,IAM,319,Not Required,,0.0,,4,0,1,0,7.0
FND-0069,AWS,AWS-RES-0069,us-east-1,Network Security,CIS,High,Exception,Network,28,In Progress,,0.0,,3,0,1,1,3.31
FND-0070,AWS,AWS-RES-0070,eu-west-1,Identity & Access,ISO 27001,Medium,Non-Compliant,Platform,315,In Progress,1.0,,,2,1,0,1,7.0
FND-0071,Azure,Azure-RES-0071,East US,Backup & Recovery,ISO 27001,High,Compliant,Platform,294,Not Required,,,,3,0,1,0,6.0
FND-0072,AWS,AWS-RES-0072,us-east-1,Data Protection,CIS,Critical,Non-Compliant,Network,46,In Progress,,,1.0,4,1,1,1,8.51
FND-0073,AWS,AWS-RES-0073,eu-west-2,Logging & Monitoring,NIST,Medium,Compliant,IAM,85,Not Required,,,,2,0,0,0,2.94
FND-0074,AWS,AWS-RES-0074,us-east-1,Network Security,ISO 27001,Medium,Compliant,Security,44,Not Required,,1.0,,2,0,0,0,2.49
FND-0075,Azure,Azure-RES-0075,West Europe,Data Protection,CIS,High,Non-Compliant,Network,179,Remediated,,,1.0,3,1,1,0,7.99
FND-0076,AWS,AWS-RES-0076,us-east-1,Network Security,CIS,Low,Compliant,Cloud Ops,236,Not Required,,0.0,,1,0,0,0,3.62
FND-0077,Azure,Azure-RES-0077,UK South,Network Security,CIS,Critical,Compliant,Security,168,Not Required,,0.0,,4,0,1,0,5.87
FND-0078,AWS,AWS-RES-0078,eu-west-2,Configuration,CIS,Critical,Compliant,Security,82,Not Required,,,,4,0,1,0,4.91
FND-0079,Azure,Azure-RES-0079,East US,Configuration,NIST,High,Non-Compliant,Platform,120,In Progress,,,,3,1,1,1,7.33
FND-0080,AWS,AWS-RES-0080,us-east-1,Backup & Recovery,CIS,Low,Exception,IAM,355,In Progress,,,,1,0,0,1,4.0
FND-0081,Azure,Azure-RES-0081,West Europe,Data Protection,ISO 27001,High,Compliant,Security,147,Not Required,,,0.0,3,0,1,0,4.63
FND-0082,Azure,Azure-RES-0082,UK South,Identity & Access,CIS,High,Compliant,IAM,347,Not Required,1.0,,,3,0,1,0,6.0
FND-0083,AWS,AWS-RES-0083,eu-west-1,Identity & Access,ISO 27001,Medium,Non-Compliant,Network,211,Open,0.0,,,2,1,0,1,6.34
FND-0084,Azure,Azure-RES-0084,West Europe,Identity & Access,NIST,High,Non-Compliant,Cloud Ops,129,Remediated,1.0,,,3,1,1,0,7.43
FND-0085,AWS,AWS-RES-0085,eu-west-2,Identity & Access,CIS,Medium,Exception,Network,93,Accepted Risk,0.0,,,2,0,0,0,3.03
FND-0086,AWS,AWS-RES-0086,eu-west-1,Data Protection,CIS,Medium,Compliant,Cloud Ops,117,Not Required,,,1.0,2,0,0,0,3.3
FND-0087,AWS,AWS-RES-0087,eu-west-1,Logging & Monitoring,CIS,High,Compliant,Platform,153,Not Required,,,,3,0,1,0,4.7
FND-0088,AWS,AWS-RES-0088,us-east-1,Configuration,NIST,High,Compliant,Network,215,Not Required,,,,3,0,1,0,5.39
FND-0089,Azure,Azure-RES-0089,UK South,Configuration,NIST,High,Non-Compliant,Security,250,Open,,,,3,1,1,1,8.78
FND-0090,AWS,AWS-RES-0090,eu-west-2,Network Security,CIS,Medium,Exception,IAM,121,Remediated,,0.0,,2,0,0,0,3.34
FND-0091,Azure,Azure-RES-0091,East US,Logging & Monitoring,NIST,High,Compliant,Network,228,Not Required,,,,3,0,1,0,5.53
FND-0092,Azure,Azure-RES-0092,East US,Configuration,ISO 27001,High,Compliant,Security,243,Not Required,,,,3,0,1,0,5.7
FND-0093,AWS,AWS-RES-0093,eu-west-2,Data Protection,NIST,Low,Non-Compliant,Cloud Ops,176,Open,,,1.0,1,1,0,1,3.96
FND-0094,AWS,AWS-RES-0094,us-east-1,Logging & Monitoring,ISO 27001,Low,Compliant,Network,213,Not Required,,,,1,0,0,0,3.37
FND-0095,AWS,AWS-RES-0095,us-east-1,Identity & Access,ISO 27001,Low,Compliant,Platform,236,Not Required,1.0,,,1,0,0,0,3.62
FND-0096,AWS,AWS-RES-0096,eu-west-2,Identity & Access,CIS,Medium,Non-Compliant,Network,63,Open,1.0,,,2,1,0,1,4.7
FND-0097,AWS,AWS-RES-0097,eu-west-2,Network Security,NIST,High,Non-Compliant,Cloud Ops,147,Open,,1.0,,3,1,1,1,7.63
FND-0098,AWS,AWS-RES-0098,us-east-1,Network Security,CIS,Low,Exception,IAM,258,Accepted Risk,,0.0,,1,0,0,0,3.87
FND-0099,Azure,Azure-RES-0099,East US,Logging & Monitoring,CIS,Low,Compliant,IAM,358,Not Required,,,,1,0,0,0,4.0
FND-0100,AWS,AWS-RES-0100,eu-west-1,Logging & Monitoring,ISO 27001,Medium,Compliant,Network,306,Not Required,,,,2,0,0,0,5.0
FND-0101,Azure,Azure-RES-0101,UK South,Identity & Access,ISO 27001,Low,Exception,Network,169,Accepted Risk,0.0,,,1,0,0,0,2.88
FND-0102,Azure,Azure-RES-0102,East US,Configuration,ISO 27001,Medium,Compliant,Platform,134,Not Required,,,,2,0,0,0,3.49
FND-0103,AWS,AWS-RES-0103,eu-west-2,Identity & Access,ISO 27001,Medium,Compliant,Platform,254,Not Required,1.0,,,2,0,0,0,4.82
FND-0104,Azure,Azure-RES-0104,East US,Identity & Access,ISO 27001,Medium,Non-Compliant,Cloud Ops,207,In Progress,1.0,,,2,1,0,1,6.3
FND-0105,Azure,Azure-RES-0105,UK South,Configuration,ISO 27001,Critical,Compliant,IAM,156,Not Required,,,,4,0,1,0,5.73
FND-0106,Azure,Azure-RES-0106,East US,Logging & Monitoring,CIS,High,Non-Compliant,Platform,342,Accepted Risk,,,,3,1,1,0,9.0
FND-0107,Azure,Azure-RES-0107,East US,Backup & Recovery,CIS,Medium,Compliant,Network,163,Not Required,,,,2,0,0,0,3.81
FND-0108,Azure,Azure-RES-0108,East US,Network Security,CIS,High,Compliant,Cloud Ops,355,Not Required,,1.0,,3,0,1,0,6.0
FND-0109,AWS,AWS-RES-0109,us-east-1,Data Protection,ISO 27001,Low,Non-Compliant,Platform,341,Open,,,1.0,1,1,0,1,5.0
FND-0110,Azure,Azure-RES-0110,UK South,Logging & Monitoring,ISO 27001,Medium,Compliant,Cloud Ops,249,Not Required,,,,2,0,0,0,4.77
FND-0111,AWS,AWS-RES-0111,eu-west-1,Backup & Recovery,CIS,Critical,Compliant,Network,342,Not Required,,,,4,0,1,0,7.0
FND-0112,AWS,AWS-RES-0112,eu-west-1,Logging & Monitoring,ISO 27001,High,Non-Compliant,IAM,168,Open,,,,3,1,1,1,7.87
FND-0113,Azure,Azure-RES-0113,UK South,Backup & Recovery,NIST,Medium,Exception,Platform,22,In Progress,,,,2,0,0,1,2.24
FND-0114,Azure,Azure-RES-0114,East US,Logging & Monitoring,CIS,High,Compliant,Platform,340,Not Required,,,,3,0,1,0,6.0
FND-0115,Azure,Azure-RES-0115,East US,Backup & Recovery,CIS,High,Compliant,Cloud Ops,156,Not Required,,,,3,0,1,0,4.73
FND-0116,AWS,AWS-RES-0116,eu-west-2,Network Security,CIS,Medium,Compliant,Network,121,Not Required,,0.0,,2,0,0,0,3.34
FND-0117,AWS,AWS-RES-0117,us-east-1,Identity & Access,NIST,Medium,Compliant,Cloud Ops,35,Not Required,1.0,,,2,0,0,0,2.39
FND-0118,Azure,Azure-RES-0118,West Europe,Identity & Access,NIST,Medium,Compliant,Cloud Ops,111,Not Required,0.0,,,2,0,0,0,3.23
FND-0119,Azure,Azure-RES-0119,West Europe,Data Protection,CIS,Medium,Compliant,Security,251,Not Required,,,1.0,2,0,0,0,4.79
FND-0120,Azure,Azure-RES-0120,East US,Identity & Access,NIST,Medium,Compliant,Network,309,Not Required,0.0,,,2,0,0,0,5.0
FND-0121,Azure,Azure-RES-0121,West Europe,Backup & Recovery,NIST,Medium,Compliant,Cloud Ops,343,Not Required,,,,2,0,0,0,5.0
FND-0122,Azure,Azure-RES-0122,UK South,Configuration,CIS,High,Compliant,Security,33,Not Required,,,,3,0,1,0,3.37
FND-0123,AWS,AWS-RES-0123,eu-west-1,Identity & Access,ISO 27001,Critical,Compliant,Network,230,Not Required,1.0,,,4,0,1,0,6.56
FND-0124,AWS,AWS-RES-0124,us-east-1,Configuration,NIST,Medium,Compliant,Network,281,Not Required,,,,2,0,0,0,5.0
FND-0125,AWS,AWS-RES-0125,eu-west-1,Identity & Access,NIST,Low,Compliant,Platform,92,Not Required,1.0,,,1,0,0,0,2.02
FND-0126,Azure,Azure-RES-0126,UK South,Identity & Access,CIS,High,Compliant,Platform,273,Not Required,1.0,,,3,0,1,0,6.0
FND-0127,Azure,Azure-RES-0127,East US,Identity & Access,NIST,Medium,Compliant,Security,239,Not Required,1.0,,,2,0,0,0,4.66
FND-0128,AWS,AWS-RES-0128,eu-west-1,Configuration,ISO 27001,Low,Non-Compliant,Cloud Ops,288,Remediated,,,,1,1,0,0,5.0
FND-0129,AWS,AWS-RES-0129,us-east-1,Network Security,CIS,Critical,Compliant,Security,196,Not Required,,1.0,,4,0,1,0,6.18
FND-0130,Azure,Azure-RES-0130,East US,Network Security,CIS,Medium,Compliant,Security,287,Not Required,,0.0,,2,0,0,0,5.0
FND-0131,AWS,AWS-RES-0131,eu-west-2,Backup & Recovery,NIST,Medium,Compliant,IAM,101,Not Required,,,,2,0,0,0,3.12
FND-0132,AWS,AWS-RES-0132,eu-west-1,Logging & Monitoring,CIS,High,Non-Compliant,Network,28,Remediated,,,,3,1,1,0,6.31
FND-0133,AWS,AWS-RES-0133,eu-west-1,Identity & Access,ISO 27001,Medium,Compliant,Platform,182,Not Required,0.0,,,2,0,0,0,4.02
FND-0134,AWS,AWS-RES-0134,eu-west-1,Configuration,ISO 27001,Critical,Compliant,IAM,211,Not Required,,,,4,0,1,0,6.34
FND-0135,AWS,AWS-RES-0135,us-east-1,Network Security,ISO 27001,Medium,Compliant,Cloud Ops,132,Not Required,,0.0,,2,0,0,0,3.47
FND-0136,AWS,AWS-RES-0136,eu-west-2,Backup & Recovery,NIST,High,Compliant,Cloud Ops,304,Not Required,,,,3,0,1,0,6.0
FND-0137,AWS,AWS-RES-0137,eu-west-1,Identity & Access,ISO 27001,High,Non-Compliant,IAM,296,Accepted Risk,1.0,,,3,1,1,0,9.0
FND-0138,AWS,AWS-RES-0138,eu-west-1,Logging & Monitoring,CIS,Low,Non-Compliant,Platform,13,Accepted Risk,,,,1,1,0,0,2.14
FND-0139,AWS,AWS-RES-0139,eu-west-1,Identity & Access,NIST,Low,Non-Compliant,IAM,171,Open,1.0,,,1,1,0,1,3.9
FND-0140,Azure,Azure-RES-0140,UK South,Logging & Monitoring,CIS,Medium,Exception,IAM,269,In Progress,,,,2,0,0,1,4.99
FND-0141,AWS,AWS-RES-0141,us-east-1,Identity & Access,ISO 27001,Critical,Compliant,Security,280,Not Required,1.0,,,4,0,1,0,7.0
FND-0142,AWS,AWS-RES-0142,eu-west-2,Configuration,NIST,Medium,Compliant,IAM,293,Not Required,,,,2,0,0,0,5.0
FND-0143,Azure,Azure-RES-0143,UK South,Backup & Recovery,CIS,Medium,Compliant,Platform,193,Not Required,,,,2,0,0,0,4.14
FND-0144,AWS,AWS-RES-0144,us-east-1,Network Security,NIST,High,Non-Compliant,Platform,294,In Progress,,0.0,,3,1,1,1,9.0
FND-0145,Azure,Azure-RES-0145,East US,Network Security,ISO 27001,Medium,Compliant,Network,167,Not Required,,0.0,,2,0,0,0,3.86
FND-0146,AWS,AWS-RES-0146,us-east-1,Network Security,CIS,Low,Compliant,Platform,120,Not Required,,0.0,,1,0,0,0,2.33
FND-0147,AWS,AWS-RES-0147,eu-west-1,Configuration,NIST,Medium,Compliant,Security,328,Not Required,,,,2,0,0,0,5.0
FND-0148,Azure,Azure-RES-0148,East US,Data Protection,ISO 27001,High,Compliant,Network,100,Not Required,,,1.0,3,0,1,0,4.11
FND-0149,Azure,Azure-RES-0149,East US,Data Protection,NIST,Low,Exception,Security,143,Open,,,1.0,1,0,0,1,2.59
FND-0150,Azure,Azure-RES-0150,UK South,Identity & Access,CIS,High,Compliant,Cloud Ops,27,Not Required,1.0,,,3,0,1,0,3.3
FND-0151,Azure,Azure-RES-0151,West Europe,Identity & Access,CIS,Low,Compliant,Security,329,Not Required,1.0,,,1,0,0,0,4.0
FND-0152,AWS,AWS-RES-0152,eu-west-1,Identity & Access,CIS,Medium,Compliant,IAM,65,Not Required,1.0,,,2,0,0,0,2.72
FND-0153,Azure,Azure-RES-0153,East US,Network Security,CIS,Low,Exception,Network,358,Open,,1.0,,1,0,0,1,4.0
FND-0154,AWS,AWS-RES-0154,eu-west-1,Logging & Monitoring,ISO 27001,Medium,Compliant,Security,2,Not Required,,,,2,0,0,0,2.02
FND-0155,AWS,AWS-RES-0155,eu-west-1,Network Security,ISO 27001,Critical,Exception,Platform,125,In Progress,,0.0,,4,0,1,1,5.39
FND-0156,AWS,AWS-RES-0156,us-east-1,Logging & Monitoring,NIST,Low,Compliant,Platform,270,Not Required,,,,1,0,0,0,4.0
FND-0157,AWS,AWS-RES-0157,eu-west-2,Network Security,CIS,Medium,Non-Compliant,Cloud Ops,88,Accepted Risk,,0.0,,2,1,0,0,4.98
FND-0158,AWS,AWS-RES-0158,eu-west-2,Configuration,ISO 27001,High,Compliant,Security,90,Not Required,,,,3,0,1,0,4.0
FND-0159,AWS,AWS-RES-0159,us-east-1,Configuration,ISO 27001,Low,Compliant,Security,70,Not Required,,,,1,0,0,0,1.78
FND-0160,AWS,AWS-RES-0160,eu-west-1,Data Protection,NIST,Medium,Compliant,IAM,102,Not Required,,,0.0,2,0,0,0,3.13
FND-0161,Azure,Azure-RES-0161,East US,Logging & Monitoring,ISO 27001,Medium,Non-Compliant,Platform,45,Accepted Risk,,,,2,1,0,0,4.5
FND-0162,AWS,AWS-RES-0162,us-east-1,Configuration,CIS,Medium,Compliant,Network,349,Not Required,,,,2,0,0,0,5.0
FND-0163,Azure,Azure-RES-0163,West Europe,Network Security,ISO 27001,Medium,Non-Compliant,Security,45,Open,,0.0,,2,1,0,1,4.5
FND-0164,Azure,Azure-RES-0164,West Europe,Identity & Access,CIS,Medium,Non-Compliant,IAM,364,Remediated,1.0,,,2,1,0,0,7.0
FND-0165,Azure,Azure-RES-0165,West Europe,Logging & Monitoring,ISO 27001,Medium,Exception,Platform,64,Accepted Risk,,,,2,0,0,0,2.71
FND-0166,AWS,AWS-RES-0166,eu-west-1,Identity & Access,CIS,Critical,Non-Compliant,Platform,94,Open,1.0,,,4,1,1,1,9.04
FND-0167,AWS,AWS-RES-0167,eu-west-1,Network Security,CIS,Medium,Compliant,Network,30,Not Required,,0.0,,2,0,0,0,2.33
FND-0168,AWS,AWS-RES-0168,us-east-1,Logging & Monitoring,ISO 27001,High,Compliant,Network,349,Not Required,,,,3,0,1,0,6.0
FND-0169,AWS,AWS-RES-0169,eu-west-1,Logging & Monitoring,ISO 27001,Medium,Compliant,Security,73,Not Required,,,,2,0,0,0,2.81
FND-0170,Azure,Azure-RES-0170,East US,Logging & Monitoring,CIS,High,Non-Compliant,IAM,26,Accepted Risk,,,,3,1,1,0,6.29
FND-0171,Azure,Azure-RES-0171,West Europe,Identity & Access,ISO 27001,Medium,Non-Compliant,Platform,29,In Progress,1.0,,,2,1,0,1,4.32
FND-0172,AWS,AWS-RES-0172,eu-west-2,Configuration,ISO 27001,Medium,Compliant,Network,208,Not Required,,,,2,0,0,0,4.31
FND-0173,Azure,Azure-RES-0173,East US,Configuration,ISO 27001,Low,Non-Compliant,Cloud Ops,261,In Progress,,,,1,1,0,1,4.9
FND-0174,AWS,AWS-RES-0174,eu-west-2,Identity & Access,CIS,High,Compliant,Network,324,Not Required,1.0,,,3,0,1,0,6.0
FND-0175,AWS,AWS-RES-0175,eu-west-2,Identity & Access,NIST,Medium,Compliant,Network,38,Not Required,1.0,,,2,0,0,0,2.42
FND-0176,Azure,Azure-RES-0176,UK South,Network Security,NIST,High,Compliant,Security,256,Not Required,,0.0,,3,0,1,0,5.84
FND-0177,AWS,AWS-RES-0177,us-east-1,Data Protection,CIS,High,Compliant,IAM,47,Not Required,,,1.0,3,0,1,0,3.52
FND-0178,Azure,Azure-RES-0178,West Europe,Data Protection,NIST,Medium,Compliant,Cloud Ops,59,Not Required,,,1.0,2,0,0,0,2.66
FND-0179,AWS,AWS-RES-0179,us-east-1,Configuration,CIS,High,Compliant,Cloud Ops,321,Not Required,,,,3,0,1,0,6.0
FND-0180,Azure,Azure-RES-0180,West Europe,Network Security,NIST,Medium,Compliant,Network,217,Not Required,,0.0,,2,0,0,0,4.41
FND-0181,AWS,AWS-RES-0181,eu-west-1,Logging & Monitoring,NIST,High,Compliant,Cloud Ops,159,Not Required,,,,3,0,1,0,4.77
FND-0182,AWS,AWS-RES-0182,eu-west-2,Identity & Access,CIS,Medium,Non-Compliant,Cloud Ops,135,Open,1.0,,,2,1,0,1,5.5
FND-0183,Azure,Azure-RES-0183,West Europe,Identity & Access,ISO 27001,Critical,Compliant,Security,137,Not Required,0.0,,,4,0,1,0,5.52
FND-0184,Azure,Azure-RES-0184,West Europe,Configuration,NIST,Critical,Compliant,Network,340,Not Required,,,,4,0,1,0,7.0
FND-0185,AWS,AWS-RES-0185,eu-west-2,Logging & Monitoring,NIST,Critical,Compliant,Security,100,Not Required,,,,4,0,1,0,5.11
FND-0186,AWS,AWS-RES-0186,us-east-1,Data Protection,ISO 27001,Critical,Compliant,IAM,228,Not Required,,,1.0,4,0,1,0,6.53
FND-0187,Azure,Azure-RES-0187,UK South,Configuration,CIS,High,Compliant,Security,101,Not Required,,,,3,0,1,0,4.12
FND-0188,AWS,AWS-RES-0188,us-east-1,Logging & Monitoring,ISO 27001,Medium,Compliant,Security,24,Not Required,,,,2,0,0,0,2.27
FND-0189,AWS,AWS-RES-0189,us-east-1,Data Protection,ISO 27001,High,Exception,Security,353,Open,,,1.0,3,0,1,1,6.0
FND-0190,AWS,AWS-RES-0190,us-east-1,Network Security,CIS,High,Compliant,Platform,32,Not Required,,0.0,,3,0,1,0,3.36
FND-0191,AWS,AWS-RES-0191,eu-west-1,Network Security,CIS,High,Compliant,Security,272,Not Required,,0.0,,3,0,1,0,6.0
FND-0192,AWS,AWS-RES-0192,eu-west-2,Logging & Monitoring,ISO 27001,Medium,Compliant,Cloud Ops,87,Not Required,,,,2,0,0,0,2.97
FND-0193,AWS,AWS-RES-0193,eu-west-1,Logging & Monitoring,ISO 27001,Medium,Non-Compliant,Network,285,Remediated,,,,2,1,0,0,7.0
FND-0194,AWS,AWS-RES-0194,us-east-1,Network Security,CIS,Medium,Compliant,Platform,179,Not Required,,0.0,,2,0,0,0,3.99
FND-0195,AWS,AWS-RES-0195,us-east-1,Network Security,CIS,Medium,Compliant,IAM,59,Not Required,,0.0,,2,0,0,0,2.66
FND-0196,AWS,AWS-RES-0196,eu-west-2,Configuration,CIS,High,Compliant,Cloud Ops,228,Not Required,,,,3,0,1,0,5.53
FND-0197,AWS,AWS-RES-0197,eu-west-1,Data Protection,NIST,Critical,Compliant,Cloud Ops,160,Not Required,,,1.0,4,0,1,0,5.78
FND-0198,Azure,Azure-RES-0198,West Europe,Identity & Access,ISO 27001,Medium,Non-Compliant,Security,49,Remediated,1.0,,,2,1,0,0,4.54
FND-0199,AWS,AWS-RES-0199,eu-west-2,Logging & Monitoring,NIST,Medium,Compliant,Security,267,Not Required,,,,2,0,0,0,4.97
FND-0200,AWS,AWS-RES-0200,eu-west-1,Configuration,ISO 27001,High,Exception,Cloud Ops,266,Open,,,,3,0,1,1,5.96
FND-0201,AWS,AWS-RES-0201,us-east-1,Identity & Access,ISO 27001,Medium,Compliant,Platform,59,Not Required,0.0,,,2,0,0,0,2.66
FND-0202,AWS,AWS-RES-0202,eu-west-2,Configuration,CIS,High,Compliant,Security,138,Not Required,,,,3,0,1,0,4.53
FND-0203,AWS,AWS-RES-0203,eu-west-1,Identity & Access,ISO 27001,Low,Compliant,Network,229,Not Required,0.0,,,1,0,0,0,3.54
FND-0204,AWS,AWS-RES-0204,eu-west-1,Network Security,ISO 27001,Medium,Exception,Cloud Ops,67,Remediated,,1.0,,2,0,0,0,2.74
FND-0205,Azure,Azure-RES-0205,West Europe,Network Security,ISO 27001,Medium,Compliant,Platform,301,Not Required,,0.0,,2,0,0,0,5.0
FND-0206,Azure,Azure-RES-0206,East US,Network Security,ISO 27001,High,Exception,Cloud Ops,291,Open,,0.0,,3,0,1,1,6.0
FND-0207,AWS,AWS-RES-0207,us-east-1,Data Protection,CIS,Medium,Compliant,IAM,106,Not Required,,,1.0,2,0,0,0,3.18
FND-0208,Azure,Azure-RES-0208,East US,Data Protection,ISO 27001,High,Non-Compliant,Security,338,In Progress,,,1.0,3,1,1,1,9.0
FND-0209,AWS,AWS-RES-0209,us-east-1,Configuration,ISO 27001,High,Compliant,Cloud Ops,232,Not Required,,,,3,0,1,0,5.58
FND-0210,Azure,Azure-RES-0210,East US,Logging & Monitoring,ISO 27001,Medium,Non-Compliant,Cloud Ops,251,Accepted Risk,,,,2,1,0,0,6.79
FND-0211,Azure,Azure-RES-0211,UK South,Logging & Monitoring,CIS,Low,Non-Compliant,Platform,189,Remediated,,,,1,1,0,0,4.1
FND-0212,AWS,AWS-RES-0212,eu-west-2,Network Security,NIST,Medium,Compliant,Security,232,Not Required,,0.0,,2,0,0,0,4.58
FND-0213,Azure,Azure-RES-0213,East US,Backup & Recovery,CIS,Critical,Non-Compliant,Platform,5,Remediated,,,,4,1,1,0,8.06
FND-0214,AWS,AWS-RES-0214,eu-west-2,Identity & Access,CIS,Medium,Non-Compliant,Cloud Ops,178,In Progress,1.0,,,2,1,0,1,5.98
FND-0215,AWS,AWS-RES-0215,us-east-1,Identity & Access,ISO 27001,Low,Compliant,Cloud Ops,51,Not Required,1.0,,,1,0,0,0,1.57
FND-0216,AWS,AWS-RES-0216,eu-west-2,Backup & Recovery,ISO 27001,Medium,Compliant,Platform,233,Not Required,,,,2,0,0,0,4.59
FND-0217,Azure,Azure-RES-0217,UK South,Logging & Monitoring,CIS,Medium,Non-Compliant,Network,56,Open,,,,2,1,0,1,4.62
FND-0218,AWS,AWS-RES-0218,eu-west-1,Configuration,NIST,Medium,Compliant,IAM,184,Not Required,,,,2,0,0,0,4.04
FND-0219,Azure,Azure-RES-0219,West Europe,Configuration,CIS,Low,Compliant,Platform,237,Not Required,,,,1,0,0,0,3.63
FND-0220,Azure,Azure-RES-0220,East US,Identity & Access,CIS,Medium,Compliant,Security,109,Not Required,1.0,,,2,0,0,0,3.21
FND-0221,Azure,Azure-RES-0221,UK South,Data Protection,ISO 27001,Medium,Non-Compliant,IAM,32,In Progress,,,1.0,2,1,0,1,4.36
FND-0222,Azure,Azure-RES-0222,UK South,Identity & Access,NIST,High,Compliant,Network,4,Not Required,1.0,,,3,0,1,0,3.04
FND-0223,AWS,AWS-RES-0223,us-east-1,Configuration,CIS,High,Non-Compliant,Network,177,Remediated,,,,3,1,1,0,7.97
FND-0224,AWS,AWS-RES-0224,us-east-1,Network Security,CIS,Low,Compliant,IAM,294,Not Required,,0.0,,1,0,0,0,4.0
FND-0225,AWS,AWS-RES-0225,us-east-1,Backup & Recovery,CIS,High,Compliant,Security,49,Not Required,,,,3,0,1,0,3.54
FND-0226,Azure,Azure-RES-0226,UK South,Logging & Monitoring,ISO 27001,Medium,Compliant,IAM,72,Not Required,,,,2,0,0,0,2.8
FND-0227,AWS,AWS-RES-0227,eu-west-1,Backup & Recovery,ISO 27001,Critical,Compliant,Cloud Ops,87,Not Required,,,,4,0,1,0,4.97
FND-0228,Azure,Azure-RES-0228,UK South,Configuration,NIST,Critical,Compliant,Platform,245,Not Required,,,,4,0,1,0,6.72
FND-0229,Azure,Azure-RES-0229,East US,Network Security,NIST,High,Compliant,Network,359,Not Required,,0.0,,3,0,1,0,6.0
FND-0230,AWS,AWS-RES-0230,us-east-1,Identity & Access,CIS,Medium,Compliant,Security,84,Not Required,1.0,,,2,0,0,0,2.93
FND-0231,AWS,AWS-RES-0231,eu-west-2,Logging & Monitoring,CIS,Medium,Compliant,Cloud Ops,31,Not Required,,,,2,0,0,0,2.34
FND-0232,AWS,AWS-RES-0232,us-east-1,Logging & Monitoring,CIS,Medium,Compliant,Network,86,Not Required,,,,2,0,0,0,2.96
FND-0233,AWS,AWS-RES-0233,eu-west-1,Backup & Recovery,ISO 27001,Critical,Exception,Security,117,Accepted Risk,,,,4,0,1,0,5.3
FND-0234,Azure,Azure-RES-0234,East US,Network Security,NIST,Medium,Compliant,Cloud Ops,45,Not Required,,0.0,,2,0,0,0,2.5
FND-0235,AWS,AWS-RES-0235,eu-west-1,Network Security,ISO 27001,Critical,Compliant,IAM,326,Not Required,,0.0,,4,0,1,0,7.0
FND-0236,AWS,AWS-RES-0236,us-east-1,Data Protection,NIST,Medium,Compliant,IAM,126,Not Required,,,0.0,2,0,0,0,3.4
FND-0237,Azure,Azure-RES-0237,East US,Configuration,ISO 27001,Low,Non-Compliant,IAM,96,Open,,,,1,1,0,1,3.07
FND-0238,AWS,AWS-RES-0238,eu-west-2,Data Protection,ISO 27001,High,Compliant,IAM,233,Not Required,,,1.0,3,0,1,0,5.59
FND-0239,AWS,AWS-RES-0239,eu-west-2,Logging & Monitoring,CIS,Medium,Compliant,IAM,66,Not Required,,,,2,0,0,0,2.73
FND-0240,AWS,AWS-RES-0240,eu-west-2,Logging & Monitoring,CIS,Medium,Non-Compliant,IAM,99,Remediated,,,,2,1,0,0,5.1
FND-0241,AWS,AWS-RES-0241,us-east-1,Backup & Recovery,ISO 27001,Medium,Compliant,Network,104,Not Required,,,,2,0,0,0,3.16
FND-0242,Azure,Azure-RES-0242,UK South,Data Protection,NIST,High,Compliant,Cloud Ops,284,Not Required,,,1.0,3,0,1,0,6.0
FND-0243,Azure,Azure-RES-0243,West Europe,Backup & Recovery,CIS,Medium,Non-Compliant,IAM,109,In Progress,,,,2,1,0,1,5.21
FND-0244,AWS,AWS-RES-0244,us-east-1,Configuration,NIST,Medium,Compliant,Platform,200,Not Required,,,,2,0,0,0,4.22
FND-0245,Azure,Azure-RES-0245,East US,Identity & Access,CIS,High,Compliant,Network,356,Not Required,1.0,,,3,0,1,0,6.0
FND-0246,Azure,Azure-RES-0246,UK South,Data Protection,NIST,Medium,Compliant,Network,85,Not Required,,,1.0,2,0,0,0,2.94
FND-0247,AWS,AWS-RES-0247,eu-west-2,Network Security,ISO 27001,Critical,Non-Compliant,Security,176,Accepted Risk,,0.0,,4,1,1,0,9.96
FND-0248,Azure,Azure-RES-0248,East US,Configuration,CIS,Medium,Compliant,IAM,185,Not Required,,,,2,0,0,0,4.06
FND-0249,Azure,Azure-RES-0249,West Europe,Network Security,CIS,Medium,Exception,Security,223,In Progress,,1.0,,2,0,0,1,4.48
FND-0250,AWS,AWS-RES-0250,eu-west-2,Configuration,CIS,High,Compliant,IAM,88,Not Required,,,,3,0,1,0,3.98
FND-0251,Azure,Azure-RES-0251,West Europe,Identity & Access,ISO 27001,High,Exception,Platform,9,In Progress,1.0,,,3,0,1,1,3.1
FND-0252,AWS,AWS-RES-0252,us-east-1,Identity & Access,CIS,Medium,Compliant,Cloud Ops,268,Not Required,1.0,,,2,0,0,0,4.98
FND-0253,Azure,Azure-RES-0253,UK South,Identity & Access,CIS,Medium,Compliant,Security,247,Not Required,1.0,,,2,0,0,0,4.74
FND-0254,Azure,Azure-RES-0254,West Europe,Data Protection,CIS,Medium,Compliant,Network,103,Not Required,,,1.0,2,0,0,0,3.14
FND-0255,Azure,Azure-RES-0255,UK South,Logging & Monitoring,ISO 27001,Medium,Compliant,Platform,107,Not Required,,,,2,0,0,0,3.19
FND-0256,Azure,Azure-RES-0256,West Europe,Backup & Recovery,ISO 27001,Low,Compliant,Security,166,Not Required,,,,1,0,0,0,2.84
FND-0257,Azure,Azure-RES-0257,West Europe,Identity & Access,CIS,Critical,Compliant,Security,231,Not Required,1.0,,,4,0,1,0,6.57
FND-0258,Azure,Azure-RES-0258,UK South,Logging & Monitoring,NIST,Critical,Non-Compliant,IAM,21,Open,,,,4,1,1,1,8.23
FND-0259,Azure,Azure-RES-0259,East US,Logging & Monitoring,ISO 27001,Critical,Compliant,IAM,278,Not Required,,,,4,0,1,0,7.0
FND-0260,Azure,Azure-RES-0260,East US,Logging & Monitoring,CIS,Medium,Compliant,Network,279,Not Required,,,,2,0,0,0,5.0
FND-0261,AWS,AWS-RES-0261,eu-west-1,Logging & Monitoring,CIS,Critical,Non-Compliant,Platform,209,Open,,,,4,1,1,1,10.32
FND-0262,AWS,AWS-RES-0262,eu-west-2,Configuration,CIS,High,Compliant,Security,212,Not Required,,,,3,0,1,0,5.36
FND-0263,AWS,AWS-RES-0263,us-east-1,Identity & Access,CIS,Medium,Compliant,IAM,231,Not Required,1.0,,,2,0,0,0,4.57
FND-0264,Azure,Azure-RES-0264,East US,Identity & Access,ISO 27001,Medium,Compliant,Platform,55,Not Required,1.0,,,2,0,0,0,2.61
FND-0265,Azure,Azure-RES-0265,East US,Data Protection,CIS,Critical,Compliant,Network,196,Not Required,,,1.0,4,0,1,0,6.18
FND-0266,Azure,Azure-RES-0266,East US,Configuration,ISO 27001,Medium,Compliant,IAM,317,Not Required,,,,2,0,0,0,5.0
FND-0267,AWS,AWS-RES-0267,us-east-1,Network Security,ISO 27001,Medium,Compliant,IAM,2,Not Required,,0.0,,2,0,0,0,2.02
FND-0268,Azure,Azure-RES-0268,UK South,Logging & Monitoring,CIS,Critical,Compliant,Cloud Ops,24,Not Required,,,,4,0,1,0,4.27
FND-0269,AWS,AWS-RES-0269,us-east-1,Network Security,ISO 27001,Low,Compliant,Platform,293,Not Required,,0.0,,1,0,0,0,4.0
FND-0270,Azure,Azure-RES-0270,West Europe,Identity & Access,NIST,Medium,Compliant,IAM,261,Not Required,0.0,,,2,0,0,0,4.9
FND-0271,Azure,Azure-RES-0271,West Europe,Data Protection,ISO 27001,Medium,Compliant,IAM,125,Not Required,,,0.0,2,0,0,0,3.39
FND-0272,Azure,Azure-RES-0272,UK South,Data Protection,ISO 27001,Medium,Compliant,Network,103,Not Required,,,1.0,2,0,0,0,3.14
FND-0273,AWS,AWS-RES-0273,eu-west-1,Network Security,CIS,Medium,Compliant,IAM,274,Not Required,,1.0,,2,0,0,0,5.0
FND-0274,AWS,AWS-RES-0274,us-east-1,Identity & Access,NIST,Medium,Compliant,Network,154,Not Required,1.0,,,2,0,0,0,3.71
FND-0275,AWS,AWS-RES-0275,eu-west-1,Network Security,ISO 27001,Critical,Compliant,Cloud Ops,139,Not Required,,0.0,,4,0,1,0,5.54
FND-0276,AWS,AWS-RES-0276,eu-west-1,Network Security,NIST,High,Compliant,IAM,299,Not Required,,0.0,,3,0,1,0,6.0
FND-0277,Azure,Azure-RES-0277,UK South,Identity & Access,NIST,Medium,Compliant,Security,325,Not Required,1.0,,,2,0,0,0,5.0
FND-0278,Azure,Azure-RES-0278,UK South,Configuration,CIS,Low,Compliant,Platform,264,Not Required,,,,1,0,0,0,3.93
FND-0279,AWS,AWS-RES-0279,us-east-1,Identity & Access,CIS,High,Compliant,IAM,149,Not Required,1.0,,,3,0,1,0,4.66
FND-0280,AWS,AWS-RES-0280,us-east-1,Network Security,CIS,Low,Exception,Network,203,Open,,0.0,,1,0,0,1,3.26
FND-0281,AWS,AWS-RES-0281,eu-west-2,Configuration,NIST,Medium,Compliant,Cloud Ops,167,Not Required,,,,2,0,0,0,3.86
FND-0282,AWS,AWS-RES-0282,eu-west-1,Logging & Monitoring,CIS,Medium,Compliant,Platform,29,Not Required,,,,2,0,0,0,2.32
FND-0283,Azure,Azure-RES-0283,West Europe,Configuration,CIS,Medium,Compliant,Cloud Ops,122,Not Required,,,,2,0,0,0,3.36
FND-0284,AWS,AWS-RES-0284,eu-west-2,Network Security,CIS,Medium,Compliant,Platform,241,Not Required,,0.0,,2,0,0,0,4.68
FND-0285,Azure,Azure-RES-0285,West Europe,Identity & Access,CIS,High,Compliant,IAM,339,Not Required,1.0,,,3,0,1,0,6.0
FND-0286,Azure,Azure-RES-0286,East US,Logging & Monitoring,CIS,Medium,Compliant,Network,317,Not Required,,,,2,0,0,0,5.0
FND-0287,AWS,AWS-RES-0287,eu-west-2,Network Security,ISO 27001,Medium,Compliant,Cloud Ops,364,Not Required,,0.0,,2,0,0,0,5.0
FND-0288,AWS,AWS-RES-0288,eu-west-2,Identity & Access,NIST,Medium,Compliant,Platform,225,Not Required,1.0,,,2,0,0,0,4.5
FND-0289,Azure,Azure-RES-0289,East US,Backup & Recovery,ISO 27001,Medium,Compliant,Cloud Ops,204,Not Required,,,,2,0,0,0,4.27
FND-0290,AWS,AWS-RES-0290,us-east-1,Configuration,NIST,Medium,Compliant,IAM,291,Not Required,,,,2,0,0,0,5.0
FND-0291,Azure,Azure-RES-0291,West Europe,Backup & Recovery,CIS,High,Non-Compliant,IAM,19,Remediated,,,,3,1,1,0,6.21
FND-0292,AWS,AWS-RES-0292,eu-west-2,Identity & Access,CIS,Medium,Non-Compliant,Network,342,In Progress,1.0,,,2,1,0,1,7.0
FND-0293,AWS,AWS-RES-0293,eu-west-2,Logging & Monitoring,CIS,Critical,Compliant,Platform,246,Not Required,,,,4,0,1,0,6.73
FND-0294,AWS,AWS-RES-0294,us-east-1,Identity & Access,ISO 27001,Medium,Compliant,Cloud Ops,145,Not Required,1.0,,,2,0,0,0,3.61
FND-0295,AWS,AWS-RES-0295,eu-west-1,Data Protection,NIST,Medium,Exception,Network,292,Open,,,1.0,2,0,0,1,5.0
FND-0296,AWS,AWS-RES-0296,us-east-1,Identity & Access,NIST,Medium,Compliant,Cloud Ops,253,Not Required,1.0,,,2,0,0,0,4.81
FND-0297,Azure,Azure-RES-0297,East US,Data Protection,CIS,High,Exception,IAM,182,Open,,,1.0,3,0,1,1,5.02
FND-0298,AWS,AWS-RES-0298,eu-west-1,Data Protection,NIST,Medium,Compliant,Cloud Ops,221,Not Required,,,1.0,2,0,0,0,4.46
FND-0299,Azure,Azure-RES-0299,UK South,Logging & Monitoring,CIS,Critical,Exception,Platform,316,In Progress,,,,4,0,1,1,7.0
FND-0300,AWS,AWS-RES-0300,eu-west-1,Identity & Access,ISO 27001,Medium,Compliant,Network,286,Not Required,1.0,,,2,0,0,0,5.0
FND-0301,Azure,Azure-RES-0301,West Europe,Network Security,CIS,High,Compliant,Cloud Ops,116,Not Required,,0.0,,3,0,1,0,4.29
FND-0302,AWS,AWS-RES-0302,eu-west-1,Data Protection,NIST,Critical,Non-Compliant,IAM,206,In Progress,,,1.0,4,1,1,1,10.29
FND-0303,AWS,AWS-RES-0303,us-east-1,Configuration,CIS,Low,Compliant,Cloud Ops,44,Not Required,,,,1,0,0,0,1.49
FND-0304,AWS,AWS-RES-0304,us-east-1,Backup & Recovery,ISO 27001,Low,Non-Compliant,Network,69,Remediated,,,,1,1,0,0,2.77
FND-0305,Azure,Azure-RES-0305,UK South,Backup & Recovery,ISO 27001,Medium,Compliant,Platform,78,Not Required,,,,2,0,0,0,2.87
FND-0306,Azure,Azure-RES-0306,UK South,Backup & Recovery,CIS,Medium,Compliant,Security,21,Not Required,,,,2,0,0,0,2.23
FND-0307,Azure,Azure-RES-0307,UK South,Logging & Monitoring,ISO 27001,Medium,Non-Compliant,Platform,253,In Progress,,,,2,1,0,1,6.81
FND-0308,AWS,AWS-RES-0308,eu-west-2,Data Protection,ISO 27001,High,Non-Compliant,Network,112,In Progress,,,1.0,3,1,1,1,7.24
FND-0309,Azure,Azure-RES-0309,East US,Data Protection,CIS,Medium,Compliant,Network,134,Not Required,,,1.0,2,0,0,0,3.49
FND-0310,AWS,AWS-RES-0310,us-east-1,Backup & Recovery,NIST,High,Compliant,IAM,363,Not Required,,,,3,0,1,0,6.0
FND-0311,AWS,AWS-RES-0311,eu-west-1,Logging & Monitoring,NIST,Medium,Non-Compliant,Network,205,Open,,,,2,1,0,1,6.28
FND-0312,Azure,Azure-RES-0312,West Europe,Network Security,CIS,Medium,Compliant,Network,181,Not Required,,0.0,,2,0,0,0,4.01
FND-0313,AWS,AWS-RES-0313,eu-west-1,Logging & Monitoring,CIS,Medium,Compliant,Platform,358,Not Required,,,,2,0,0,0,5.0
FND-0314,Azure,Azure-RES-0314,UK South,Data Protection,ISO 27001,Medium,Non-Compliant,Network,184,Remediated,,,1.0,2,1,0,0,6.04
FND-0315,AWS,AWS-RES-0315,eu-west-2,Identity & Access,CIS,High,Compliant,Network,234,Not Required,1.0,,,3,0,1,0,5.6
FND-0316,AWS,AWS-RES-0316,eu-west-1,Data Protection,ISO 27001,High,Non-Compliant,Cloud Ops,157,Open,,,1.0,3,1,1,1,7.74
FND-0317,AWS,AWS-RES-0317,eu-west-1,Configuration,CIS,Medium,Non-Compliant,Platform,249,Remediated,,,,2,1,0,0,6.77
FND-0318,AWS,AWS-RES-0318,us-east-1,Data Protection,CIS,High,Compliant,Platform,163,Not Required,,,1.0,3,0,1,0,4.81
FND-0319,AWS,AWS-RES-0319,eu-west-1,Network Security,ISO 27001,High,Exception,Security,46,In Progress,,0.0,,3,0,1,1,3.51
FND-0320,Azure,Azure-RES-0320,UK South,Identity & Access,ISO 27001,High,Non-Compliant,IAM,12,In Progress,1.0,,,3,1,1,1,6.13
FND-0321,AWS,AWS-RES-0321,us-east-1,Network Security,CIS,Medium,Compliant,Cloud Ops,103,Not Required,,0.0,,2,0,0,0,3.14
FND-0322,Azure,Azure-RES-0322,West Europe,Backup & Recovery,CIS,Medium,Compliant,Network,118,Not Required,,,,2,0,0,0,3.31
FND-0323,Azure,Azure-RES-0323,East US,Data Protection,CIS,Critical,Compliant,Cloud Ops,251,Not Required,,,1.0,4,0,1,0,6.79
FND-0324,AWS,AWS-RES-0324,us-east-1,Identity & Access,CIS,Low,Non-Compliant,Cloud Ops,327,Accepted Risk,1.0,,,1,1,0,0,5.0
FND-0325,Azure,Azure-RES-0325,UK South,Data Protection,CIS,Critical,Compliant,Platform,255,Not Required,,,1.0,4,0,1,0,6.83
FND-0326,AWS,AWS-RES-0326,eu-west-2,Configuration,CIS,Medium,Compliant,Platform,130,Not Required,,,,2,0,0,0,3.44
FND-0327,Azure,Azure-RES-0327,East US,Data Protection,ISO 27001,Low,Compliant,Network,182,Not Required,,,1.0,1,0,0,0,3.02
FND-0328,Azure,Azure-RES-0328,UK South,Configuration,NIST,Medium,Compliant,Platform,308,Not Required,,,,2,0,0,0,5.0
FND-0329,Azure,Azure-RES-0329,East US,Logging & Monitoring,CIS,Medium,Compliant,IAM,351,Not Required,,,,2,0,0,0,5.0
FND-0330,AWS,AWS-RES-0330,us-east-1,Data Protection,ISO 27001,High,Compliant,Security,333,Not Required,,,1.0,3,0,1,0,6.0
FND-0331,Azure,Azure-RES-0331,East US,Identity & Access,CIS,Medium,Compliant,Security,267,Not Required,0.0,,,2,0,0,0,4.97
FND-0332,Azure,Azure-RES-0332,UK South,Configuration,NIST,High,Compliant,Network,59,Not Required,,,,3,0,1,0,3.66
FND-0333,Azure,Azure-RES-0333,West Europe,Identity & Access,CIS,High,Compliant,Security,225,Not Required,1.0,,,3,0,1,0,5.5
FND-0334,Azure,Azure-RES-0334,UK South,Data Protection,ISO 27001,Medium,Compliant,Network,243,Not Required,,,1.0,2,0,0,0,4.7
FND-0335,AWS,AWS-RES-0335,eu-west-2,Logging & Monitoring,CIS,Critical,Non-Compliant,Security,297,Open,,,,4,1,1,1,11.0
FND-0336,Azure,Azure-RES-0336,West Europe,Backup & Recovery,ISO 27001,Medium,Compliant,Security,249,Not Required,,,,2,0,0,0,4.77
FND-0337,AWS,AWS-RES-0337,us-east-1,Data Protection,ISO 27001,Medium,Compliant,Network,227,Not Required,,,1.0,2,0,0,0,4.52
FND-0338,AWS,AWS-RES-0338,eu-west-1,Network Security,CIS,Medium,Non-Compliant,Platform,253,Open,,0.0,,2,1,0,1,6.81
FND-0339,AWS,AWS-RES-0339,eu-west-1,Backup & Recovery,CIS,Low,Non-Compliant,Network,77,Open,,,,1,1,0,1,2.86
FND-0340,AWS,AWS-RES-0340,eu-west-1,Configuration,CIS,Low,Non-Compliant,Platform,92,In Progress,,,,1,1,0,1,3.02
FND-0341,AWS,AWS-RES-0341,us-east-1,Network Security,NIST,High,Compliant,Cloud Ops,337,Not Required,,0.0,,3,0,1,0,6.0
FND-0342,AWS,AWS-RES-0342,us-east-1,Network Security,NIST,Low,Compliant,Platform,304,Not Required,,0.0,,1,0,0,0,4.0
FND-0343,AWS,AWS-RES-0343,eu-west-1,Backup & Recovery,CIS,Medium,Compliant,IAM,274,Not Required,,,,2,0,0,0,5.0
FND-0344,AWS,AWS-RES-0344,eu-west-2,Logging & Monitoring,CIS,Low,Compliant,Cloud Ops,84,Not Required,,,,1,0,0,0,1.93
FND-0345,AWS,AWS-RES-0345,eu-west-1,Logging & Monitoring,CIS,Medium,Non-Compliant,Platform,74,Open,,,,2,1,0,1,4.82
FND-0346,Azure,Azure-RES-0346,East US,Identity & Access,ISO 27001,Critical,Compliant,IAM,153,Not Required,1.0,,,4,0,1,0,5.7
FND-0347,AWS,AWS-RES-0347,us-east-1,Configuration,NIST,High,Non-Compliant,Platform,72,Remediated,,,,3,1,1,0,6.8
FND-0348,AWS,AWS-RES-0348,eu-west-1,Logging & Monitoring,CIS,Low,Compliant,IAM,88,Not Required,,,,1,0,0,0,1.98
FND-0349,Azure,Azure-RES-0349,East US,Data Protection,CIS,Medium,Compliant,IAM,143,Not Required,,,1.0,2,0,0,0,3.59
FND-0350,Azure,Azure-RES-0350,UK South,Network Security,ISO 27001,Critical,Compliant,Platform,344,Not Required,,0.0,,4,0,1,0,7.0
FND-0351,Azure,Azure-RES-0351,UK South,Network Security,CIS,Low,Compliant,Security,312,Not Required,,0.0,,1,0,0,0,4.0
FND-0352,AWS,AWS-RES-0352,eu-west-2,Data Protection,CIS,Medium,Non-Compliant,Cloud Ops,321,Accepted Risk,,,1.0,2,1,0,0,7.0
FND-0353,AWS,AWS-RES-0353,eu-west-2,Logging & Monitoring,CIS,Critical,Non-Compliant,Platform,325,Open,,,,4,1,1,1,11.0
FND-0354,AWS,AWS-RES-0354,eu-west-2,Logging & Monitoring,CIS,Critical,Compliant,Security,269,Not Required,,,,4,0,1,0,6.99
FND-0355,Azure,Azure-RES-0355,East US,Configuration,NIST,Low,Non-Compliant,Cloud Ops,59,Remediated,,,,1,1,0,0,2.66
FND-0356,Azure,Azure-RES-0356,East US,Data Protection,ISO 27001,High,Compliant,Platform,345,Not Required,,,1.0,3,0,1,0,6.0
FND-0357,Azure,Azure-RES-0357,UK South,Identity & Access,NIST,Critical,Non-Compliant,Cloud Ops,50,Open,0.0,,,4,1,1,1,8.56
FND-0358,AWS,AWS-RES-0358,eu-west-2,Configuration,ISO 27001,High,Compliant,Network,37,Not Required,,,,3,0,1,0,3.41
FND-0359,AWS,AWS-RES-0359,eu-west-1,Logging & Monitoring,ISO 27001,Low,Compliant,Security,346,Not Required,,,,1,0,0,0,4.0
FND-0360,AWS,AWS-RES-0360,eu-west-2,Configuration,CIS,Low,Compliant,Network,307,Not Required,,,,1,0,0,0,4.0
FND-0361,AWS,AWS-RES-0361,eu-west-1,Identity & Access,CIS,High,Compliant,IAM,55,Not Required,1.0,,,3,0,1,0,3.61
FND-0362,Azure,Azure-RES-0362,West Europe,Configuration,ISO 27001,Critical,Compliant,IAM,167,Not Required,,,,4,0,1,0,5.86
FND-0363,Azure,Azure-RES-0363,East US,Logging & Monitoring,NIST,Medium,Compliant,Network,90,Not Required,,,,2,0,0,0,3.0
FND-0364,AWS,AWS-RES-0364,us-east-1,Identity & Access,CIS,Critical,Compliant,Platform,142,Not Required,0.0,,,4,0,1,0,5.58
FND-0365,AWS,AWS-RES-0365,eu-west-2,Identity & Access,ISO 27001,Medium,Compliant,Security,250,Not Required,1.0,,,2,0,0,0,4.78
FND-0366,Azure,Azure-RES-0366,UK South,Identity & Access,ISO 27001,High,Exception,Security,152,In Progress,1.0,,,3,0,1,1,4.69
FND-0367,AWS,AWS-RES-0367,eu-west-1,Logging & Monitoring,ISO 27001,Medium,Non-Compliant,Platform,313,In Progress,,,,2,1,0,1,7.0
FND-0368,Azure,Azure-RES-0368,East US,Network Security,NIST,High,Compliant,IAM,178,Not Required,,0.0,,3,0,1,0,4.98
FND-0369,Azure,Azure-RES-0369,East US,Identity & Access,CIS,Critical,Compliant,Security,9,Not Required,1.0,,,4,0,1,0,4.1
FND-0370,Azure,Azure-RES-0370,UK South,Logging & Monitoring,NIST,High,Non-Compliant,Network,20,In Progress,,,,3,1,1,1,6.22
FND-0371,Azure,Azure-RES-0371,UK South,Network Security,ISO 27001,High,Exception,Platform,288,Remediated,,0.0,,3,0,1,0,6.0
FND-0372,AWS,AWS-RES-0372,us-east-1,Network Security,CIS,Medium,Exception,Security,138,Open,,0.0,,2,0,0,1,3.53
FND-0373,Azure,Azure-RES-0373,East US,Configuration,NIST,Medium,Compliant,Security,164,Not Required,,,,2,0,0,0,3.82
FND-0374,Azure,Azure-RES-0374,East US,Data Protection,NIST,Low,Compliant,Security,161,Not Required,,,1.0,1,0,0,0,2.79
FND-0375,Azure,Azure-RES-0375,UK South,Configuration,ISO 27001,Low,Compliant,Platform,43,Not Required,,,,1,0,0,0,1.48
FND-0376,AWS,AWS-RES-0376,us-east-1,Configuration,CIS,High,Non-Compliant,Platform,79,Open,,,,3,1,1,1,6.88
FND-0377,Azure,Azure-RES-0377,East US,Logging & Monitoring,NIST,High,Non-Compliant,Security,99,Accepted Risk,,,,3,1,1,0,7.1
FND-0378,AWS,AWS-RES-0378,eu-west-2,Identity & Access,ISO 27001,Medium,Compliant,Security,246,Not Required,1.0,,,2,0,0,0,4.73
FND-0379,AWS,AWS-RES-0379,us-east-1,Logging & Monitoring,CIS,Medium,Non-Compliant,Network,56,Open,,,,2,1,0,1,4.62
FND-0380,AWS,AWS-RES-0380,eu-west-2,Identity & Access,ISO 27001,Low,Non-Compliant,IAM,300,Open,1.0,,,1,1,0,1,5.0
FND-0381,AWS,AWS-RES-0381,eu-west-2,Configuration,ISO 27001,High,Compliant,Security,15,Not Required,,,,3,0,1,0,3.17
FND-0382,AWS,AWS-RES-0382,eu-west-2,Configuration,NIST,Medium,Compliant,Security,226,Not Required,,,,2,0,0,0,4.51
FND-0383,AWS,AWS-RES-0383,eu-west-1,Configuration,ISO 27001,Medium,Compliant,Network,65,Not Required,,,,2,0,0,0,2.72
FND-0384,Azure,Azure-RES-0384,UK South,Logging & Monitoring,NIST,Medium,Compliant,Network,36,Not Required,,,,2,0,0,0,2.4
FND-0385,Azure,Azure-RES-0385,UK South,Logging & Monitoring,NIST,High,Compliant,Security,167,Not Required,,,,3,0,1,0,4.86
FND-0386,AWS,AWS-RES-0386,eu-west-2,Identity & Access,NIST,Medium,Compliant,IAM,136,Not Required,1.0,,,2,0,0,0,3.51
FND-0387,AWS,AWS-RES-0387,eu-west-1,Data Protection,NIST,Low,Compliant,Platform,350,Not Required,,,1.0,1,0,0,0,4.0
FND-0388,Azure,Azure-RES-0388,West Europe,Logging & Monitoring,CIS,Low,Compliant,Security,219,Not Required,,,,1,0,0,0,3.43
FND-0389,AWS,AWS-RES-0389,eu-west-2,Data Protection,CIS,Low,Non-Compliant,Network,229,Open,,,1.0,1,1,0,1,4.54
FND-0390,AWS,AWS-RES-0390,us-east-1,Configuration,NIST,Low,Compliant,Security,75,Not Required,,,,1,0,0,0,1.83
FND-0391,AWS,AWS-RES-0391,us-east-1,Network Security,ISO 27001,Medium,Compliant,Cloud Ops,342,Not Required,,0.0,,2,0,0,0,5.0
FND-0392,Azure,Azure-RES-0392,UK South,Backup & Recovery,NIST,Medium,Exception,Cloud Ops,74,In Progress,,,,2,0,0,1,2.82
FND-0393,Azure,Azure-RES-0393,UK South,Network Security,ISO 27001,Critical,Non-Compliant,Security,231,In Progress,,0.0,,4,1,1,1,10.57
FND-0394,AWS,AWS-RES-0394,eu-west-2,Data Protection,ISO 27001,Medium,Compliant,Cloud Ops,307,Not Required,,,1.0,2,0,0,0,5.0
FND-0395,AWS,AWS-RES-0395,eu-west-1,Logging & Monitoring,CIS,High,Compliant,IAM,269,Not Required,,,,3,0,1,0,5.99
FND-0396,Azure,Azure-RES-0396,West Europe,Configuration,ISO 27001,Medium,Compliant,Network,313,Not Required,,,,2,0,0,0,5.0
FND-0397,AWS,AWS-RES-0397,eu-west-2,Identity & Access,ISO 27001,Critical,Compliant,Network,233,Not Required,1.0,,,4,0,1,0,6.59
FND-0398,Azure,Azure-RES-0398,West Europe,Network Security,NIST,Low,Compliant,Cloud Ops,326,Not Required,,0.0,,1,0,0,0,4.0
FND-0399,AWS,AWS-RES-0399,eu-west-2,Network Security,ISO 27001,High,Compliant,Platform,118,Not Required,,0.0,,3,0,1,0,4.31
FND-0400,Azure,Azure-RES-0400,West Europe,Data Protection,CIS,Medium,Compliant,IAM,16,Not Required,,,1.0,2,0,0,0,2.18
FND-0401,AWS,AWS-RES-0401,eu-west-2,Identity & Access,NIST,Medium,Non-Compliant,IAM,214,In Progress,1.0,,,2,1,0,1,6.38
FND-0402,Azure,Azure-RES-0402,West Europe,Data Protection,ISO 27001,Medium,Compliant,Cloud Ops,325,Not Required,,,0.0,2,0,0,0,5.0
FND-0403,AWS,AWS-RES-0403,us-east-1,Network Security,CIS,Low,Compliant,IAM,43,Not Required,,0.0,,1,0,0,0,1.48
FND-0404,AWS,AWS-RES-0404,us-east-1,Logging & Monitoring,NIST,Medium,Exception,Network,252,Open,,,,2,0,0,1,4.8
FND-0405,Azure,Azure-RES-0405,West Europe,Identity & Access,ISO 27001,High,Compliant,IAM,264,Not Required,0.0,,,3,0,1,0,5.93
FND-0406,Azure,Azure-RES-0406,UK South,Identity & Access,CIS,Low,Compliant,Network,252,Not Required,1.0,,,1,0,0,0,3.8
FND-0407,AWS,AWS-RES-0407,us-east-1,Logging & Monitoring,ISO 27001,High,Non-Compliant,Cloud Ops,133,In Progress,,,,3,1,1,1,7.48
FND-0408,Azure,Azure-RES-0408,East US,Backup & Recovery,CIS,Medium,Compliant,IAM,137,Not Required,,,,2,0,0,0,3.52
FND-0409,Azure,Azure-RES-0409,West Europe,Identity & Access,ISO 27001,Low,Compliant,Network,71,Not Required,1.0,,,1,0,0,0,1.79
FND-0410,Azure,Azure-RES-0410,West Europe,Logging & Monitoring,CIS,Medium,Compliant,Cloud Ops,224,Not Required,,,,2,0,0,0,4.49
FND-0411,Azure,Azure-RES-0411,UK South,Identity & Access,ISO 27001,Critical,Compliant,Cloud Ops,97,Not Required,1.0,,,4,0,1,0,5.08
FND-0412,AWS,AWS-RES-0412,eu-west-1,Data Protection,NIST,Low,Compliant,IAM,286,Not Required,,,1.0,1,0,0,0,4.0
FND-0413,AWS,AWS-RES-0413,eu-west-1,Network Security,CIS,High,Non-Compliant,Network,248,In Progress,,1.0,,3,1,1,1,8.76
FND-0414,Azure,Azure-RES-0414,East US,Identity & Access,CIS,High,Non-Compliant,IAM,104,In Progress,1.0,,,3,1,1,1,7.16
FND-0415,AWS,AWS-RES-0415,us-east-1,Identity & Access,CIS,Medium,Compliant,IAM,269,Not Required,0.0,,,2,0,0,0,4.99
FND-0416,Azure,Azure-RES-0416,UK South,Configuration,ISO 27001,Medium,Compliant,Security,299,Not Required,,,,2,0,0,0,5.0
FND-0417,AWS,AWS-RES-0417,eu-west-1,Identity & Access,CIS,High,Compliant,IAM,231,Not Required,1.0,,,3,0,1,0,5.57
FND-0418,AWS,AWS-RES-0418,eu-west-1,Logging & Monitoring,CIS,Medium,Non-Compliant,Platform,48,In Progress,,,,2,1,0,1,4.53
FND-0419,Azure,Azure-RES-0419,West Europe,Identity & Access,CIS,Low,Non-Compliant,IAM,75,Remediated,1.0,,,1,1,0,0,2.83
FND-0420,Azure,Azure-RES-0420,East US,Identity & Access,CIS,Medium,Non-Compliant,Network,288,In Progress,1.0,,,2,1,0,1,7.0
